ID,donr,damt
3,0,15.769766977021984
4,0,14.140234331050328
9,0,16.0780606034782
16,0,9.82979301992574
20,0,13.669621066643918
22,1,16.063918699061293
23,0,15.830547999683505
27,0,14.679885206326462
28,0,10.764641499180236
29,0,16.912693620190385
31,0,10.466670258119688
36,0,13.579861915881148
37,0,12.967653871333098
41,1,14.6182621160292
47,0,14.408619289167406
49,0,13.620053941505857
50,0,13.546176909767174
63,0,14.439744507737258
64,0,14.045795371000946
72,1,12.660109314720069
74,0,11.05543922772082
77,0,9.970259385386454
78,1,16.227382628318665
80,0,14.877975604949658
82,0,14.24180277984096
85,1,13.496190971523458
86,1,15.296437868555126
94,0,14.481581495899505
102,0,13.927740502026099
103,1,10.806420738494328
104,0,13.338991713910515
105,0,17.706739342346534
107,0,12.066119247745602
111,0,11.091152434589196
123,0,13.749984103542198
125,0,14.30146487517197
132,0,10.128615487441417
141,0,12.215040331423861
144,0,11.641426635961018
145,0,12.147634035168938
146,0,16.8124533272437
150,0,13.792595635044002
156,0,16.19574738277679
158,0,11.432978697965252
160,0,10.917040651703411
166,0,13.15210976436237
171,0,11.964038779671004
174,0,12.382447155721382
176,0,14.701804811096695
178,0,14.421159264680162
181,0,14.468537097662171
183,0,14.105837162572616
185,0,14.792484999931965
186,0,10.875794364981141
195,0,11.874714496796464
196,0,12.299605392017382
210,1,9.521403244727546
211,1,13.043073505854839
214,0,11.83306365858633
216,0,14.785137888901124
217,1,13.977204232394538
224,1,12.770165809011559
229,0,11.86182470806112
239,0,13.195514339886923
250,0,12.571218862009445
253,0,13.281345050826442
259,0,10.653233760257132
263,1,14.482636910906502
264,0,13.445863482195987
267,0,11.02045435963134
269,1,17.910301129148834
272,0,12.08334953419182
273,1,15.560119416380484
275,1,17.167245946888947
276,0,12.86634305060729
277,0,14.660952532619966
279,0,12.300074355052653
284,1,14.663422371809865
288,0,12.8824410903338
290,1,14.91117665854352
300,0,14.789951156691615
302,0,9.584528713303166
310,0,13.437990956110868
312,0,12.293580143167562
313,0,15.22620638911733
328,0,9.96516352042487
329,1,13.28600400323341
331,0,14.89002438113859
335,0,15.41951642600457
338,1,15.878561833015434
344,0,14.91599785207883
347,1,18.932476520142387
350,0,12.480296563025433
353,0,15.881226147238364
359,0,14.852733155975322
361,0,17.39281069554897
362,0,14.207100471062736
366,0,15.49553488310792
367,1,16.11233551074267
371,0,14.339877578993809
372,1,12.790750268925084
377,0,19.529848355317736
378,0,13.588875691585736
382,0,13.647464369987961
383,0,13.759197515510314
384,0,16.43993231789804
387,0,13.402363537111652
388,0,14.565509421964116
391,0,14.974014371556393
392,0,13.79813458634791
394,0,15.763831030912264
401,0,12.066783975194628
403,0,11.565994201238587
408,1,13.077099580791913
411,0,13.016677777209086
418,0,12.536658673285526
420,0,10.955475944970537
424,0,12.532817826491321
425,0,12.477420751341878
428,0,11.383277993510212
434,0,11.946653014576805
445,0,13.288498228901492
451,0,12.614551035145237
456,0,11.865861171001029
462,0,15.201109191239635
466,0,13.303051322175167
467,1,12.999380535140675
471,1,16.3712905928308
473,0,13.636943257878706
482,0,10.820145720103806
483,0,11.735638153833362
488,0,16.74618240150257
490,0,13.916123005594002
499,1,14.146066875488252
500,0,12.116138439558235
501,0,13.540252244003252
508,0,12.980215452650798
510,0,15.809120542930991
516,1,14.5608030212416
517,0,13.971961957720822
518,0,12.861508102564528
521,0,9.08979115004856
522,0,14.368736588662246
524,0,14.004899446378039
534,0,16.918720162298506
536,0,16.932770840540083
538,0,11.614133819516036
542,0,12.199053291524006
545,0,16.188288830103556
546,1,15.22490428994803
554,0,13.785643027090265
555,0,11.434759736613396
558,0,15.082794753070111
559,0,12.76217733974742
561,0,13.678919764517314
563,0,11.943577467595277
566,0,14.791735458414296
571,0,13.437670123747226
578,0,13.699349614863364
582,0,9.508757080566895
589,1,15.151029784628552
594,0,10.955078052185877
596,1,17.10613643400279
597,0,15.412468949008954
601,1,13.581999047144595
603,0,11.457891302958782
605,0,13.686453014657767
620,0,12.705133873937983
622,0,10.473423228279518
623,0,11.949436270216792
625,0,15.388366415213085
626,0,14.607007363271965
630,1,13.74274596416679
632,0,13.479370987035175
638,1,13.95455494578006
639,0,12.556657466634306
640,0,14.322996915755219
650,0,16.721090290813173
671,0,13.569703967386229
674,0,12.141081913209701
682,1,14.491022689692585
683,0,14.168814041980923
690,1,14.326876605208229
693,0,14.082909768421707
694,1,10.469396211825329
704,0,13.913810459346182
706,0,10.232112720583514
707,1,12.22704600209659
708,0,11.777166766655522
718,0,11.797134496320913
723,0,15.011090677469314
728,0,16.82057360723825
732,0,12.079494293751686
734,1,13.398625775029203
738,0,14.351461047511357
739,0,15.795321646028627
747,0,15.81480649974656
748,0,13.8347712280435
750,0,12.511533028304118
755,0,11.610535382647033
757,0,12.692965494687021
769,0,10.556704522358478
773,0,16.712852965561645
775,0,14.470105137295835
776,0,11.11333306392101
780,0,14.314762055170629
790,1,15.044164664092602
791,0,9.546489774875509
793,0,11.890044647442908
794,0,15.960936960417062
805,0,11.58955199665601
806,1,13.095080251559423
811,0,14.125727813264998
814,0,13.39951441228415
817,0,11.179004925358672
818,0,14.592591354697955
830,0,10.559926959728816
831,0,15.723448747865913
838,1,16.05744383212115
839,0,13.518203018257132
842,0,12.937927477127154
846,0,11.882795133837165
849,0,10.760243721257531
851,0,15.75325762464191
855,0,12.85816160763266
856,0,14.490781012128542
860,0,13.333365494591828
864,0,10.787654321377808
867,0,15.56097149673666
873,0,17.651889655682336
877,0,12.220711328580222
882,0,14.525768577493132
895,0,15.60527087603423
897,0,18.299827141757735
898,0,13.150270066699314
901,0,12.803674627330798
905,0,12.379820752670586
907,0,14.114580894822499
908,1,15.479297146193915
912,0,11.754963773544858
914,0,11.701492369717858
920,1,13.655857998878515
921,0,13.229592533180528
924,0,12.548015351636474
927,0,12.026858061170985
930,1,15.245723192095744
931,0,10.07646719434753
932,0,12.741574702322518
937,1,12.455111943806081
945,0,13.536406134642498
952,0,15.71392409297514
953,0,13.056456027900753
954,0,13.195659838875839
955,0,9.247747747664263
956,0,14.490714663124512
958,0,12.851080621561277
971,1,16.77730204723124
972,0,11.583197630532045
977,0,18.0229936208116
985,0,11.62505141149145
986,1,15.360457200819107
1001,0,12.06377970333032
1002,0,12.463344179592616
1007,0,13.195257155892492
1009,0,12.59529322223739
1010,1,13.01693603081613
1012,0,15.518855375275447
1015,0,15.419828893386438
1017,0,11.728274907895855
1027,0,11.74972117421633
1028,1,14.19991386089235
1030,0,11.68037765114212
1034,0,12.65201486974533
1042,0,10.798353277502084
1044,0,15.012496873648434
1045,0,10.85971395066146
1046,1,13.193765541589151
1050,1,15.207167681876596
1051,0,12.566012254860654
1058,0,12.943132158272556
1059,0,14.426972887354536
1061,0,12.381582830452478
1063,0,11.842858657533654
1073,0,14.23655715250494
1076,0,10.775946352739583
1078,0,11.527557669854701
1081,0,11.834676870670464
1086,0,13.293485820867868
1098,1,12.609908822585494
1104,1,11.148353277033422
1105,0,18.255900313316843
1113,0,13.856252454149224
1117,0,16.045640278805198
1118,1,14.712083334081314
1125,0,13.063492557832614
1133,0,13.536299028787555
1142,0,12.868477337014225
1150,0,13.836316468371395
1152,1,14.194273521106824
1159,1,16.171314781505032
1160,0,13.272974523755586
1162,0,12.696897207751
1167,0,14.255294934017694
1170,0,16.2915443007225
1176,0,9.405072425436783
1201,0,9.696070795205761
1212,1,12.114574002192175
1218,1,15.097785457669127
1221,1,13.01121674403566
1225,0,11.908896030551213
1226,0,14.055388342638176
1233,1,15.068697568497896
1234,0,16.37942405523992
1239,1,14.936394461759988
1247,1,16.17340050601617
1251,0,14.931778527182086
1255,0,9.423119394441136
1257,0,12.583033383358423
1258,0,14.442294986699663
1259,1,14.889070937452558
1262,0,16.829231309131266
1263,0,13.386379648951422
1267,0,12.555606847773944
1272,0,15.282577357877186
1275,0,11.06352560183876
1277,0,12.49453580634082
1281,0,12.465731343930482
1285,0,11.488192403479294
1290,0,14.670661169800157
1291,0,12.102652739547704
1299,0,13.764648439432653
1301,0,11.693461813240775
1302,0,17.837678734729867
1304,0,11.494774112328011
1306,0,11.468697397369853
1311,0,12.303376418465401
1312,0,15.670053200437545
1316,0,12.291303327780273
1323,0,14.679576958717604
1327,0,11.15869490917464
1329,0,13.90083824935648
1340,0,11.665047917951922
1345,0,16.462554261640737
1346,0,10.323238140986744
1348,0,9.145302327681998
1352,0,17.42243897666992
1361,1,13.003222648071313
1367,0,12.981476815815656
1368,0,9.801253497023248
1374,0,13.844973851666312
1376,0,13.716101267096798
1377,0,11.684142357813549
1385,1,16.654417339351145
1389,0,12.6330744135603
1394,0,14.722344890913924
1404,0,10.773652226401518
1407,0,16.374640739073747
1411,0,12.989758935848595
1412,0,11.759470110622319
1418,0,12.958803548841386
1420,0,10.54427612863708
1431,1,13.751586374637212
1432,0,14.328750642630588
1439,0,11.29852051069352
1440,0,16.295064978050345
1444,0,10.910808338086586
1445,0,11.268781563909016
1446,0,10.868398413246004
1457,0,13.440344940092118
1458,0,12.168026633201483
1460,0,11.258587762244531
1461,0,13.192197710798764
1470,0,12.006432321849463
1474,1,14.79316712262281
1478,0,11.941706086530784
1480,1,14.58372720651828
1483,0,12.985826497745308
1487,0,12.23146262659181
1492,1,13.793345126942517
1493,0,11.854752802388868
1494,1,11.834613803682606
1497,0,14.557634629450991
1501,0,16.471061870498115
1502,0,13.472920260637745
1504,0,14.661002861574762
1507,0,13.246736615584728
1510,0,12.686995698949298
1522,0,11.72927156768328
1527,0,13.67666500554909
1530,0,12.053779009281946
1533,1,14.008772216114796
1543,1,14.525201206077263
1545,1,14.72796408808704
1548,1,15.81111257742841
1565,0,12.776047500324522
1566,0,18.496361512151992
1568,1,13.150796722198473
1575,0,18.747285122253885
1581,1,13.208405462531278
1584,0,12.904232252683295
1596,1,16.013391187962878
1601,0,14.68880297594298
1604,0,13.984194487234976
1606,0,14.374686636483668
1614,0,13.425861027234014
1623,0,13.475880612992006
1626,0,11.208902983899376
1636,0,13.246514080041583
1638,0,12.611954369418934
1647,0,11.594305470031877
1669,0,12.673036121524211
1674,0,11.998818858955254
1687,0,11.574312132347897
1692,0,12.246905448525908
1693,0,13.169444781458429
1696,0,14.274183486651857
1697,0,11.811484552425888
1700,1,14.696861504483577
1701,0,11.911945485191033
1702,0,8.953956043158204
1713,0,13.746024665238322
1714,1,15.226144056592547
1715,0,14.570274191812905
1727,1,14.676591802457594
1736,1,16.439823053903076
1739,0,12.901931936235798
1744,1,15.542176153282778
1746,0,11.691921258149629
1747,0,13.60737161778522
1754,1,14.740074792298662
1757,0,13.09253467235522
1764,0,14.793711168695161
1765,0,12.500631684053955
1773,0,8.160335976704019
1775,1,13.124038303142623
1776,0,13.478883954775341
1777,0,10.768756676306007
1782,0,14.209271830621752
1785,0,10.992090823767148
1796,0,13.355220244296483
1798,0,12.888317166038355
1803,0,13.838958672086477
1805,0,13.528886098245778
1818,0,14.45803145987054
1826,0,14.351048860701118
1830,0,10.324872960472446
1844,0,11.32081338979737
1850,0,15.850607806679136
1858,0,13.492911934740576
1860,0,9.747847461847517
1865,0,8.971488232984603
1869,0,12.721282276902938
1870,0,10.531863452895506
1875,1,14.22125920119044
1879,0,13.226705525296886
1880,0,10.650421835501792
1883,0,11.672852263497212
1884,0,11.281143315650713
1886,1,12.890705875090115
1893,0,13.660752008962907
1895,0,13.489871160580817
1900,0,12.187284701315882
1901,0,13.19042460356912
1902,0,14.19285512878923
1903,1,13.44303838481809
1904,0,13.830253149386477
1908,1,12.4777796926812
1912,0,15.962957723059596
1915,0,11.553775322204912
1916,0,15.042479439820859
1920,0,12.190733634795556
1921,0,14.501616583492002
1935,0,15.040722918538698
1955,0,15.031013915408545
1963,0,14.136682868690084
1964,0,12.883640042017008
1966,0,13.29496460809206
1967,0,14.003228964859398
1970,0,15.325786060153694
1973,0,12.046257575211778
1975,1,14.716161018032874
1977,0,12.828207465128157
1979,0,11.649241097346035
1984,0,10.740765105122835
1999,1,16.086436247207
2001,0,12.744538978418609
2003,0,15.264116985826016
2008,0,15.170613538637976
2011,0,12.189419440847837
2023,0,13.559897856328119
2026,0,12.348314274935719
2030,0,12.598122234833019
2031,1,18.474150980490144
2034,0,13.327863650433668
2038,0,12.415872704407018
2043,1,13.635764504407453
2046,0,15.434201275277587
2047,1,15.502355265767
2049,0,11.166287403353728
2051,0,17.34982377940243
2062,0,11.108501343370893
2066,0,12.906527729166406
2068,0,9.751099321163508
2076,1,13.285109531756907
2079,0,11.951477634149686
2080,0,9.887602787087172
2083,0,12.725338051839202
2091,0,17.161204704424637
2093,0,15.019607671572002
2095,0,11.37353358967777
2111,0,12.27384101120715
2113,0,10.743974609985326
2126,0,11.013550368702164
2129,1,17.398533708660242
2131,1,12.733176940468153
2137,0,11.369971494430636
2139,0,14.331012404659782
2144,0,17.31954586335555
2152,0,14.818977443762174
2155,1,18.184324182973672
2156,0,16.780180549744298
2160,0,9.83353594162395
2161,0,13.853923062620979
2163,0,14.569785187537253
2166,0,9.312730345783068
2167,0,9.59750153701261
2169,0,12.82150010378952
2170,0,13.69674972941386
2175,0,12.29455377112351
2185,0,9.415723171307777
2186,1,14.586673811981278
2196,0,13.78448441467421
2198,0,14.675855074590004
2207,0,11.736442211346723
2215,1,14.703489950994294
2219,1,13.721787787781786
2226,0,12.871330253113102
2231,0,12.723809552112542
2232,0,14.161403999550398
2241,1,14.350003356059359
2244,0,14.889960931913842
2245,1,16.919787249619993
2246,1,13.685016601242726
2249,0,11.904823131982264
2250,0,11.861609531674725
2252,0,15.453035672813622
2256,1,15.674958288884545
2257,0,18.68611601899467
2259,0,13.881630224140258
2261,0,9.548413796250726
2267,0,12.192826690209658
2268,1,13.93834605972106
2270,0,10.258605691092257
2281,0,13.147712617349319
2288,1,12.562904691802565
2297,0,14.385179393105103
2299,0,12.428861643942485
2305,0,11.418330804890841
2309,0,16.926983960298568
2313,1,16.397298571087877
2318,0,14.224566995324407
2323,0,13.816496110319733
2325,1,12.900259552281316
2326,0,14.893728175986887
2329,0,13.326494205324884
2334,0,11.540163493095733
2335,0,14.156175410423241
2336,1,10.580507176963096
2343,0,13.724523700588911
2347,0,17.42731447838856
2354,0,12.398531463938644
2365,0,13.785686881691323
2367,0,11.19051825113524
2368,0,14.229141741867151
2374,0,12.643564492814706
2375,0,12.278301605580129
2378,0,12.130353479896197
2380,0,12.713175320481469
2382,0,11.601084299378458
2385,1,15.507573304471943
2405,0,15.457480481703275
2409,0,12.343090953735286
2417,0,12.580141755020987
2418,0,14.619680371728387
2423,0,14.027766348487752
2425,0,14.052779518728597
2434,0,18.728393621760883
2436,1,13.527285517243213
2443,0,13.317589156350952
2446,0,10.93764669719698
2448,0,15.134562654893394
2450,0,10.920927380874224
2451,0,12.80937418447872
2452,0,10.462277782074988
2457,0,14.777235681614735
2459,0,11.057713554865503
2468,1,13.566018400152595
2473,0,14.510393544952374
2478,0,13.302754775374968
2480,1,12.510658409383574
2482,0,13.183659328406788
2491,0,14.197575393162008
2493,0,12.261671931120715
2501,0,14.729102975220902
2504,1,13.452548698652226
2507,0,14.281964818408113
2510,1,14.95853381527357
2514,0,12.686114121111148
2518,0,10.081708462314682
2520,1,16.748986268325414
2529,0,12.4234672809408
2531,0,13.474671977805922
2534,0,13.655162154434336
2539,0,13.81576004113816
2540,0,17.52320908062899
2546,0,12.099832154546165
2558,1,12.967144485647536
2569,1,14.970974711386546
2575,1,15.447659274962923
2576,0,12.71874950732828
2583,0,9.921946516521144
2587,0,13.902288600995407
2589,0,15.811382449929711
2591,0,11.245853868359594
2595,0,12.305478804533154
2611,0,13.548700086509339
2613,0,13.266514612717149
2618,1,15.08995928728353
2619,1,15.668422753906514
2620,0,16.37113892813372
2622,0,13.07587746927326
2637,0,11.233554198659036
2640,0,12.04555255412512
2642,1,14.388476212854416
2643,0,14.90337696068613
2647,0,13.981112856179971
2654,0,13.546022002372238
2658,1,14.888656188545202
2669,1,15.900536078009095
2676,0,14.13303011312379
2682,0,13.543916051410283
2687,0,13.945902281302589
2689,0,12.891955610182952
2692,0,13.260570576557022
2693,0,12.85872448708849
2697,0,9.85797719996673
2710,0,14.446177915722622
2712,0,12.412828824186201
2721,0,13.311045882586715
2726,0,12.045890410398014
2727,0,10.384265811436414
2738,0,13.622927841897168
2739,0,12.173282464773338
2740,0,14.182893404479167
2746,0,13.731907249474672
2748,1,16.823676336117025
2754,0,11.10612067361588
2762,1,14.797866085167742
2766,0,10.303620169044883
2771,0,13.03588074700195
2772,0,11.910433482539807
2773,0,13.793334431254006
2774,0,13.502294488301697
2775,0,12.200566332166638
2784,0,12.454262326440535
2785,0,16.59183580937068
2786,0,15.55564632788917
2800,0,12.063662088090217
2803,0,15.392909072985926
2805,0,15.804364777805919
2812,0,15.114655786398409
2816,0,13.802263507209078
2823,1,14.771984618060326
2828,0,14.322757249088907
2836,0,18.612304341823304
2843,1,13.365866500263222
2845,0,14.080128672786467
2847,0,10.465510865232869
2848,0,13.515151535110649
2853,1,15.541997063592891
2857,0,12.866368984586327
2859,0,17.16959015152785
2862,1,13.091385815624292
2879,1,16.592477345742466
2882,0,8.925203051776522
2889,0,11.753936121311584
2898,0,13.618261004268266
2901,0,13.002838671393869
2904,0,16.096667402852724
2905,0,13.689322791573082
2906,0,12.156960798269814
2908,0,12.99992763876549
2911,0,12.194076382438205
2919,0,8.366115958431354
2921,1,16.103174455428775
2923,0,13.5705008582292
2926,0,13.287170472992655
2936,0,12.653732311661075
2937,1,14.316931386589946
2948,0,12.198872562927699
2950,0,13.10555398604383
2952,0,11.199490189439373
2957,0,11.603911993188824
2958,1,13.921758080276266
2959,0,12.112289936833111
2964,1,14.393032533512947
2969,0,13.04748339243354
2987,0,15.789379598563137
2989,1,14.79439586130706
2999,1,15.070167054014714
3009,0,13.70557607343735
3012,0,10.875436728692668
3017,0,14.295085975373143
3022,0,13.104955397966027
3029,1,12.635093976750838
3032,0,14.490266736074513
3033,0,14.299112185006463
3034,0,13.890912257984928
3035,0,13.857038456049349
3037,0,12.167554829945649
3042,0,11.925355694349985
3044,0,13.990213924298493
3045,0,10.5920449813949
3049,0,13.014510893233345
3057,0,11.836199277683676
3061,0,10.050716699725573
3067,0,14.06744630084604
3069,0,15.392961191770278
3075,1,15.807696681087082
3076,0,11.39315786772703
3078,0,8.710462048534062
3083,0,18.261868336599157
3084,1,19.05812460789373
3088,0,16.511800998346
3092,0,12.86344869017053
3093,0,9.742097199423357
3095,0,15.589696899138653
3101,0,12.526785873187105
3103,0,12.411216421946277
3106,0,14.733361758736802
3108,0,15.256467545164059
3115,1,11.720088685852538
3117,1,12.886642494489383
3121,0,15.711942092740689
3126,0,12.729373909859893
3131,0,17.262780883675546
3132,0,12.436610768304245
3135,0,10.838977982343836
3136,0,13.45549869688247
3145,0,12.40009264581018
3146,0,16.412884892217754
3147,0,11.545623660161304
3154,0,14.903982743470118
3155,0,12.905267909260804
3157,0,12.546831834810707
3162,0,11.27886389308481
3166,0,14.817055851364568
3169,1,12.710837292735937
3170,0,10.659728105831125
3173,0,9.295571046168895
3179,0,13.939040098849002
3181,0,13.701599833406965
3187,0,11.063254846947965
3188,0,13.424588232648416
3190,0,11.559340918724912
3200,0,14.063595831920832
3204,0,10.950454495001484
3209,0,13.09083982200034
3210,0,11.331405582101246
3219,0,12.908871711199119
3223,0,13.433592025250393
3225,0,10.541344985214995
3226,1,13.817307823591719
3229,0,14.347530744207436
3232,0,11.19416057363765
3234,0,12.357492992253617
3242,0,13.367455047116856
3252,1,12.75526665119662
3255,0,12.032054721444151
3256,0,12.567625656889351
3262,0,14.982217980485775
3267,0,12.064118171235938
3273,0,11.430861980946029
3276,0,12.8941548703378
3277,0,13.823018355669307
3278,0,13.371980137542275
3280,0,12.23814542063509
3291,0,10.983680312809813
3297,0,15.367828262045954
3300,0,13.626327519681348
3312,0,11.782531394362241
3317,0,13.943210129010124
3326,0,11.327973304072497
3331,0,14.95985440624213
3336,0,13.184931133164723
3337,0,12.34114659477388
3340,0,11.692518247284458
3346,0,14.198448297150525
3350,0,13.059211535724884
3352,1,14.966695573318798
3359,0,11.752982998998414
3361,0,14.534621117587598
3375,0,12.693372850680543
3376,0,12.265705817266406
3382,0,13.49209876353992
3386,1,13.87465158267641
3391,1,14.116626839271415
3393,0,12.992004175854102
3416,1,14.668727165905416
3420,0,14.664612778283182
3427,0,8.000702832467551
3431,0,12.547531355686223
3435,0,15.789591690192097
3437,0,14.876858012395813
3448,0,12.371376747938747
3450,1,13.14633904340854
3455,0,9.292064170825217
3457,0,12.22884485801539
3459,0,13.096980864661031
3466,1,12.999061559467712
3469,0,16.179000772511813
3470,0,15.93128476922448
3474,0,11.658932364042855
3476,0,11.99295556557961
3477,0,11.466864987202863
3480,0,16.326423039622746
3482,0,13.629263450498101
3491,0,10.86488958368701
3493,0,13.412475141599456
3495,0,12.33902611918376
3497,0,15.805592462681199
3500,0,14.661430908967631
3501,0,9.80906913585459
3502,0,12.905664218790251
3504,0,15.858226257758133
3506,0,10.604043692769746
3514,0,14.783077159666675
3519,0,19.241666389397103
3520,1,16.10898624577221
3525,0,8.873199163111481
3527,0,11.1747635243475
3529,0,15.424807924624004
3530,0,11.773399329748978
3532,0,13.82017367668792
3534,0,14.521946868135187
3535,1,14.27736522795182
3539,0,15.221970822629679
3540,0,12.198567223350949
3543,1,12.258588224674291
3548,0,10.397056447023697
3556,0,12.57792086598941
3561,0,8.80960225505213
3574,1,14.10616956068203
3577,0,11.105473466546577
3578,1,12.648735631142737
3581,0,15.477713654640366
3589,0,14.155589836095073
3593,0,12.998344923918378
3596,0,9.270862263434319
3599,0,14.485643320760476
3601,0,13.606701177448903
3603,0,9.76035329691927
3610,0,13.311944811538766
3619,0,12.835816398920764
3621,0,12.25936909744249
3623,0,13.370546615139107
3627,0,13.454273835845726
3630,0,12.611558046402445
3634,0,14.70969722779199
3636,0,13.884088709047553
3643,1,12.902831587684892
3647,0,11.435331219558194
3648,1,12.455453487437786
3649,0,13.723667564120682
3652,0,16.414390958126365
3653,0,13.32067693238607
3654,0,14.314739313402786
3659,0,12.329150849608876
3662,1,12.463045665264499
3664,0,14.692113461235488
3673,0,12.135282143798175
3678,1,15.144737205459252
3681,0,12.054927419777108
3690,0,9.297125491334565
3691,0,14.965115599619791
3694,0,17.309387849779828
3701,0,14.616878699831075
3709,0,10.326190890055921
3717,1,15.786594091200804
3720,0,15.072954196194608
3723,0,15.110488773638277
3728,0,13.137913500389088
3734,0,11.39344561450263
3739,0,16.383073625277984
3746,0,15.748367221326797
3748,0,13.303519598373471
3749,0,12.352938199406662
3750,0,10.684773155178817
3752,0,12.25083553960671
3753,0,13.76062727502303
3768,1,14.98121204022319
3771,0,16.344664677676246
3772,1,13.952011054817104
3777,1,16.266264593896555
3778,1,11.495181910500115
3782,0,14.665230008575026
3785,0,12.243624880632789
3789,0,13.220552146881843
3794,0,12.266492641684692
3807,1,15.795556686831926
3810,0,14.803917307361464
3814,0,9.827217205666116
3815,1,14.123713570740131
3816,0,14.605285196542964
3818,0,14.935763558784938
3827,1,14.201111694484888
3828,0,10.274203621191916
3829,0,15.236874372745255
3830,0,11.26601972063627
3831,0,16.096167610865738
3843,1,15.569810477754052
3849,0,8.436251625795029
3856,0,13.202529489203265
3858,0,7.985419693441187
3861,0,15.723726412473892
3862,1,12.832325735764156
3869,0,11.932607110217702
3872,0,14.42933551922002
3873,0,11.723265525308744
3885,0,14.50738926995278
3890,0,13.362197662390349
3891,1,17.68579626104759
3893,1,12.678963040038811
3900,0,15.49608959561065
3901,0,14.990114490129384
3904,0,12.451041989805613
3911,0,15.578103502460099
3918,0,11.912972793663569
3920,0,9.960398748670144
3923,0,15.147076863377498
3924,0,14.768487291895223
3936,0,10.713994071425569
3938,0,15.062836260059875
3943,0,14.85909087369898
3947,0,15.114151315800495
3948,0,17.281126062001988
3952,0,10.546814452279277
3954,1,14.285376979964468
3955,0,15.506887127308232
3959,1,15.405386039260096
3963,0,16.820860227151115
3966,0,11.980146863250187
3968,0,15.018474818219593
3969,0,12.673676536293307
3972,0,11.700283753728652
3973,0,12.493684604872824
3974,0,15.29660571848774
3976,0,16.001482139515787
3978,1,13.316346509131654
3979,0,12.568134631107524
3980,0,16.058039371003783
3983,0,13.585410481018366
3989,0,16.651082460952228
3990,0,16.178807333133616
3991,0,13.277168660173686
3993,0,13.789994099653162
3997,0,15.337672070191367
3998,0,13.271448363364875
4001,0,13.822117377892006
4006,0,14.277652682415205
4008,0,11.87576332331899
4012,0,15.077188533905087
4013,0,13.498855572204
4014,0,12.154335284306173
4022,0,10.78375701306846
4026,0,13.237132330458762
4028,0,17.50378486824762
4036,0,13.659864282106751
4040,0,13.523480711443154
4042,0,15.66271531585416
4043,0,9.268895600444585
4047,0,15.343067298423405
4048,0,12.692238975914684
4049,0,13.087783166630208
4057,0,14.047982560240744
4068,0,13.327589000883588
4069,0,14.92753159270064
4073,0,17.080802435381262
4078,0,13.51335822962758
4081,0,13.550760797928643
4087,0,14.622098283601643
4088,0,10.094922804143968
4096,0,11.659511290922255
4097,0,11.419568540828116
4100,1,11.084158679360343
4105,0,13.145104219774312
4106,1,11.771306892300895
4107,0,11.058199517572529
4114,0,16.60020609813701
4117,0,15.886695999594851
4121,0,10.078187643721401
4123,0,11.478799011113143
4124,0,16.17404255260895
4127,0,13.688055884925312
4129,0,11.682594940683057
4143,0,9.96390569630736
4144,0,14.775557082552321
4158,0,11.509472313976104
4160,1,13.978137124740115
4171,1,13.891232416105371
4172,1,13.913165336852783
4179,0,12.065352544567517
4183,0,14.026002888586701
4187,0,13.510122779008011
4193,0,16.768057331778497
4196,0,14.50638410377729
4197,0,11.993514398232643
4198,0,13.657253500994702
4204,0,12.07797099786394
4205,0,12.993558245155256
4207,0,15.160084029920618
4211,0,16.23162239914737
4212,0,12.987627860908741
4217,0,14.249686765235568
4218,1,15.911836763193588
4225,0,13.186318574681096
4227,0,10.683765493633192
4231,0,10.5071798221397
4232,0,14.339833915488217
4239,0,15.396085634700741
4243,0,10.924111834277912
4244,1,12.355870478960494
4246,0,10.205762827812766
4247,0,12.727919511397069
4249,0,11.902206969756818
4257,0,11.020530517362733
4261,0,13.182957775951563
4262,1,13.512832554611283
4263,1,11.061064985549876
4267,0,13.419183076964343
4286,0,14.858899079028856
4287,0,14.265408990054091
4288,0,12.464274455392637
4289,0,18.019609990029092
4294,0,14.092276484868606
4295,0,14.463278039952893
4296,0,16.709720891578847
4297,1,14.48436752276588
4309,0,12.86407884118384
4311,0,13.250982641334325
4312,0,11.766950641823374
4319,0,12.333364975555405
4323,0,12.069807277019788
4327,1,13.263684687914683
4328,0,16.207741876602732
4331,0,15.463393560616609
4334,0,13.276549309808253
4336,1,13.122977846888968
4338,0,15.437621705598584
4339,0,12.426544352371248
4340,1,13.203578188243382
4345,0,13.569073003196882
4346,0,12.393046164556022
4348,0,14.508610210520397
4350,0,14.430071696185387
4351,0,8.992480858109907
4358,0,12.755666258909944
4359,0,15.525701393753444
4361,0,16.296546919111595
4365,0,16.109179698301805
4366,0,14.306332715783713
4371,0,15.615784021496346
4380,0,14.218010273546678
4382,0,11.089455542815926
4391,1,12.903806894694497
4394,0,15.673887739328132
4398,0,17.398315163825448
4401,0,15.38257089535982
4403,0,14.87697023627793
4407,0,14.07265121501263
4409,0,11.995455917739971
4414,0,10.470915077867229
4419,1,15.536092689196689
4426,0,15.38353000004322
4433,0,13.426219646874424
4438,0,12.81038114107866
4439,0,11.045005616695763
4442,0,17.005842757286956
4445,0,15.25263295870263
4451,0,9.820052762942066
4455,1,15.820689554048672
4460,0,10.424660999181542
4461,0,15.548575737764791
4472,1,13.490374000638585
4479,0,14.125833463197813
4481,1,14.902242237431953
4484,0,14.166895995479846
4491,0,13.84865526997221
4496,0,13.061816554460798
4497,0,11.665105537351838
4498,0,11.11100524834697
4503,0,11.149075527178367
4504,0,12.58533050428931
4506,0,11.625388324367515
4507,1,14.98906624304585
4510,0,13.273823848104064
4516,1,13.949110862688514
4520,0,13.552598255630816
4523,1,12.896050501487643
4524,0,11.417119869818459
4529,0,12.69505632663541
4531,0,11.47814686767757
4533,0,11.380490603564327
4537,0,12.667253611135665
4540,0,12.719949150301437
4541,0,10.367576142901923
4542,0,13.191574701710252
4543,0,10.519882972422272
4551,0,10.49102976290719
4556,1,14.363035013884895
4557,0,12.297534764422974
4561,0,14.780778753596266
4563,0,10.363075054986986
4570,1,14.064556471924444
4571,1,11.03585294100542
4576,1,13.264094661824565
4579,0,14.49369763362347
4581,0,14.58750522032824
4586,0,12.059769155047173
4590,0,14.975853231041981
4591,0,15.586122742764019
4593,0,12.957839292839914
4594,0,12.510302123711485
4595,0,13.02138046894158
4596,0,13.944608958159904
4599,0,14.320416388895389
4600,0,11.812284947772902
4604,0,14.40025353100566
4609,0,12.051565851579786
4610,0,11.77534816008088
4614,0,14.19324183916318
4616,0,11.102516014476281
4617,0,12.198215664882275
4625,0,14.581390528695353
4626,1,12.020062443252893
4643,0,14.082295654201674
4647,0,15.399520488326806
4649,0,12.70478677007815
4653,0,13.569183901157055
4657,0,12.67317345975608
4660,0,17.099547503908173
4663,0,15.162247050125396
4682,0,17.357300946748598
4687,0,17.898671859124203
4689,1,13.00134131168701
4690,1,14.753028679333406
4704,0,12.356123195327825
4708,1,17.072516611523902
4729,0,11.69929086555364
4730,0,9.847653401671673
4731,0,14.252956857575832
4766,0,10.172334677134097
4767,0,16.405858734207985
4770,0,16.58644609166887
4773,0,14.162475593564693
4775,0,15.549991961476778
4776,0,14.531988836989626
4777,0,12.874723180326738
4781,0,13.389247963458201
4789,1,13.904689109374809
4791,0,14.922144412167603
4792,0,9.236711710777012
4797,0,12.523947609155003
4800,0,11.784171387982347
4805,0,13.727308973238692
4814,1,15.081959509789245
4815,1,13.243991366165796
4816,0,14.84652600077339
4819,0,14.781849140559281
4823,1,15.74355711774827
4824,1,12.686141343863005
4826,0,9.839301731456182
4833,1,15.94498127947642
4855,0,13.204868037873911
4858,0,18.42142728973536
4868,0,13.932395742294581
4869,0,15.673198922534118
4870,0,13.91755190106208
4874,0,13.585042961197383
4875,0,12.00601047008693
4876,0,12.593514381408943
4880,0,11.367225788742088
4881,0,12.983087317657755
4883,0,11.10848520533404
4887,0,12.015781841308723
4888,0,14.022370895424865
4898,0,14.632303851582652
4901,1,12.670109375527847
4905,0,12.929585954228534
4909,1,12.773570005577062
4914,1,17.07182813276759
4920,0,13.273357251800865
4921,0,12.9345057068514
4926,0,11.198111109024769
4933,0,13.313490404065078
4935,0,13.372967452317706
4936,1,14.408822764992815
4939,0,12.746724109683216
4941,0,11.531299897260777
4945,0,11.388516743563045
4946,0,10.357017805461785
4952,0,16.44179675847494
4954,0,13.345278624903681
4959,0,10.78038315948535
4961,0,13.120478654231169
4969,0,15.280130062541192
4970,0,11.061940457509518
4994,0,17.81801965760785
4998,1,14.749793071859989
5002,0,15.392371247127718
5003,0,14.985071477139194
5008,0,11.951205053624708
5012,0,14.35664472098177
5013,0,12.459347376454318
5014,0,16.474464484341958
5016,0,15.430650258900855
5018,1,14.63457968567654
5019,1,12.889521888333146
5024,0,9.534581521070995
5028,0,13.625676115958978
5034,0,12.857043591371433
5038,0,12.53533747136647
5039,0,12.943141503585238
5045,0,16.45647110581709
5047,0,10.935029792083938
5056,0,13.89359909469606
5059,0,16.714412081080564
5065,0,14.873456457165062
5072,0,17.00042425128207
5074,0,15.5558257074397
5076,0,13.940525250718451
5079,1,14.633496799660314
5081,0,16.113975271626177
5082,0,11.498132629915665
5088,0,13.315307928740685
5101,0,12.415496203145226
5110,0,11.313087021016027
5113,0,11.870169924609678
5117,0,14.215524632687199
5122,0,12.451941119637748
5125,0,12.22598889299839
5128,0,14.3176150023614
5131,0,12.311886785345164
5132,0,14.946480556314597
5133,0,15.076605467078574
5134,0,12.59956468251813
5135,0,16.396660377147036
5138,1,16.725516845163547
5141,0,13.518534979901524
5144,0,14.002057580505742
5149,0,13.763066789182824
5154,1,15.844771776058707
5155,0,11.851110629475865
5156,0,13.169141772193191
5158,0,16.669946153548835
5163,0,11.573379666142921
5166,0,13.03297282283897
5167,0,14.665295384130744
5172,0,12.936855958083836
5173,0,12.149783172645545
5177,0,15.640048124362488
5178,1,13.569384739019398
5182,0,11.590354425782571
5185,0,12.13517664843549
5189,0,16.630991474742476
5193,0,14.017315279919464
5195,0,13.724892885880527
5201,0,15.554991422382034
5204,0,11.880951334213254
5205,0,10.94221771063103
5207,0,14.779185878892223
5209,1,15.210398948163816
5214,0,11.480907910874496
5225,1,12.814317362557063
5226,0,13.31417372165601
5228,0,12.410192669986595
5231,1,15.733219625639032
5239,1,13.761514294448999
5242,0,12.385023492231902
5245,0,14.618588665554466
5253,0,13.583606857241756
5255,0,14.061768744318861
5258,0,11.058266912838393
5260,1,12.846248535338331
5264,0,13.214815696724516
5266,1,14.427414626453743
5268,0,14.799068424779588
5269,0,15.258050485449338
5276,0,11.51566328619567
5279,1,17.11272661896449
5280,1,15.486713311414475
5282,0,11.936370787717589
5283,1,15.379455983536936
5290,0,15.006984367096205
5292,0,10.685327790667333
5298,0,14.722150685931636
5304,0,9.012922371012483
5307,0,11.636213726098829
5312,1,13.492272203618894
5322,0,15.114816698224294
5325,0,14.78534927715221
5328,0,15.316391794624092
5329,0,17.34897926423966
5340,0,14.176047806732178
5345,0,16.51015475154644
5348,0,13.134075537327018
5350,0,10.227514397161926
5353,1,15.379533185067817
5362,0,12.249851404109142
5364,0,13.311208995537104
5367,0,11.495660855220493
5369,1,13.29644952603032
5373,0,15.787111022034457
5380,0,12.549128701875816
5382,0,12.314797688857666
5391,0,12.040856076943403
5396,1,13.91662538946912
5401,0,9.116283864011736
5404,1,14.116802343459346
5410,1,15.047424739571987
5413,1,12.180405854989115
5416,0,12.796953361984464
5417,0,10.348653623747479
5420,0,11.040305969631563
5421,0,14.008556676101474
5431,1,13.330982325255402
5432,0,14.142802749514557
5441,0,10.410168341161377
5442,0,11.826022500063061
5448,0,14.375404664350867
5458,1,11.502908474785922
5465,1,13.986160532160502
5469,0,16.61450943022114
5472,1,14.532880732467536
5475,0,10.15296378740164
5477,0,13.887860283085441
5481,0,11.972894848864971
5483,0,9.901908750614663
5487,0,14.051902272326167
5491,0,12.825655197395573
5495,0,13.650155293078372
5497,0,11.695408042700915
5499,1,11.233291317933693
5503,1,12.143076693153494
5504,0,13.95264937011891
5505,0,13.751363145015056
5514,0,14.441186485977093
5516,0,15.877067884732943
5519,0,13.189321502628028
5520,0,13.134940772873223
5526,0,14.655392923775258
5530,0,11.504190661960337
5536,1,12.94122991832107
5538,0,14.265997629160294
5546,0,13.600349402226415
5549,0,14.962464933674855
5550,0,13.74384175614641
5552,1,13.11017439467844
5555,1,13.245400406646889
5567,0,13.989067228758671
5576,0,13.601269464936985
5579,0,13.744279584974013
5584,0,14.83230557139772
5585,0,13.184091846563744
5588,0,11.308189584480223
5589,0,10.856295158838856
5595,0,14.45039966816522
5598,0,12.403017436534528
5600,0,13.026529885296167
5601,0,14.586578259764611
5619,0,13.074474444005752
5620,0,10.820478303744109
5623,1,12.285558427854998
5626,0,15.164408277992015
5630,0,8.46470542778777
5633,0,15.027484416160968
5639,0,11.140614022444986
5649,0,12.621015707916236
5655,0,17.406600437859094
5657,0,13.280352626954832
5660,1,12.96839585115696
5663,1,15.427401759353476
5669,0,18.82376303791424
5672,0,17.152064213546407
5676,0,10.899018623960682
5680,0,12.672769801651315
5683,0,12.835156210341486
5684,0,13.078407651332798
5689,1,14.379326598883218
5692,0,12.154184880822594
5700,1,16.97644489775023
5710,0,13.10704104064547
5712,1,12.534924932105369
5719,0,12.738755279008245
5721,0,13.320668894535206
5723,0,15.347704581374696
5726,0,11.05042639722426
5739,0,19.197257778254645
5740,0,9.090669157925298
5745,0,14.843071199928422
5746,0,16.027510719833057
5747,0,15.25926897607569
5748,0,12.542652930395905
5751,0,12.152532200657486
5754,0,14.969301878138701
5757,0,12.985117390898179
5765,1,17.794781612966794
5768,1,14.927481932334585
5769,0,16.990944268040778
5771,0,16.573839661391577
5773,0,16.18424332118758
5778,0,12.632456461699139
5787,1,14.734458740370853
5792,0,12.797500079400876
5795,0,13.626002974091017
5796,0,10.76929658340636
5799,0,12.947380400045274
5800,0,13.320315035799313
5816,0,8.785877947994502
5825,1,15.21617815209811
5836,0,11.988594727499752
5841,0,14.53045763601841
5847,0,13.570432128187324
5853,0,9.705235827060347
5861,1,14.491295320434173
5869,0,11.385725778510869
5885,0,10.051245051932945
5890,0,12.428098203393988
5896,0,16.355166143508548
5897,0,12.73685379219863
5902,0,13.62366270054507
5903,0,14.836495659716187
5907,0,13.133197491341353
5909,0,12.301541563570176
5912,0,15.084633005677722
5916,1,12.33068024431875
5919,0,12.041996941821473
5920,0,13.534131435182772
5923,0,14.984917282348224
5926,0,12.148320744132551
5927,0,14.896941157639151
5929,0,16.87485996071823
5932,0,13.611065759414778
5933,1,12.808853786314625
5936,1,13.158532491214666
5937,1,13.967250770248121
5941,0,12.816288640803567
5943,0,14.212372704478598
5951,0,15.641232191027488
5952,0,6.347845846192479
5955,0,11.799099930789803
5957,0,13.829354787704192
5967,0,13.708850455228333
5968,0,12.108020342790544
5972,0,14.076404175237103
5978,0,14.07720607735977
5981,0,10.097899119331078
5996,0,15.477061214339292
5997,0,10.626826382796335
6000,1,13.10806961003176
6005,0,14.938200273417818
6013,0,15.085921615039641
6018,0,13.357067110944051
6019,0,10.963380642221217
6020,0,11.951407115462347
6021,0,14.96193490779955
6023,0,11.270108108214501
6027,0,12.895017224815238
6029,0,13.235629165163344
6031,0,15.927672889082933
6032,0,10.534324946631928
6033,0,9.622066107071952
6035,0,15.449408480550847
6048,1,13.058777851834186
6053,0,11.362287827818086
6066,0,12.636496042297722
6069,0,14.809513752087923
6072,0,12.532759723660691
6074,0,16.216768120676136
6079,1,18.40459135942851
6081,0,13.76709836380499
6082,0,11.013209747546552
6086,0,11.398302375678341
6089,1,15.470907275957277
6090,0,12.775923403168141
6091,1,14.612665876168636
6099,0,13.606790588404623
6103,0,13.25680952658511
6109,0,14.091041614801643
6116,1,15.892859250072801
6117,0,12.701639083979064
6120,0,11.704869122036328
6129,1,10.582746748279078
6132,0,15.245083563608105
6137,0,12.342359783700793
6140,0,11.280355743728693
6142,0,11.583400879641065
6148,1,13.211721826679552
6151,0,13.947257241618289
6153,0,13.371990659373706
6154,0,15.393581951840257
6156,0,12.047504466791848
6164,0,11.475635569490333
6166,1,14.012719659878412
6169,0,13.48151567632925
6171,0,11.461932950253516
6173,1,17.090283439867815
6178,0,12.970069481217608
6181,0,13.468060951717023
6189,0,13.378659554511726
6193,1,14.15263715329439
6195,1,13.381890540588243
6202,1,12.046455718069007
6209,0,11.999248826995348
6217,0,12.220000167808116
6219,0,11.667824298140424
6221,0,10.518218731576084
6226,1,15.261174435206424
6229,1,13.467185079842578
6232,0,12.126203707075035
6235,0,13.277246693620501
6238,1,14.295802778232948
6251,1,15.02941038702382
6252,0,11.270012050685471
6255,1,13.237980774628369
6259,0,13.763964347787542
6262,0,12.09438856712483
6263,0,12.223283900107619
6265,0,12.432519394294452
6267,0,13.961008853178733
6277,0,15.98176955712223
6278,0,11.707237386468975
6280,0,14.587684955223308
6283,0,10.860047424278033
6289,1,12.171365695317728
6294,0,13.201820488725621
6295,0,11.045983124549213
6296,0,14.066135239024774
6304,0,15.31864685255205
6306,0,13.324023153568888
6307,0,13.254384192293735
6318,0,15.014184116629076
6325,0,15.14923664468023
6334,0,12.818481024409564
6346,0,15.61121420359243
6351,0,14.462092386079512
6355,1,12.294207429924764
6358,0,14.781167555969358
6364,0,13.794009846110379
6367,1,12.494452297739867
6374,1,16.040196724317763
6375,0,15.130955167585583
6376,0,17.559561417140245
6390,0,15.256322082232025
6394,1,19.413035325890732
6397,0,14.457628109616211
6405,1,12.486201320395338
6418,0,11.604625799967062
6431,0,14.012290282640294
6439,0,14.077305877811803
6442,1,14.020989505309656
6443,0,14.401955175997497
6445,0,14.038329412927075
6447,0,17.44754305071181
6448,0,16.61073490839004
6453,0,14.057288369608695
6455,0,16.380316467232692
6456,0,8.15102982452862
6460,0,15.878079167336706
6463,0,16.16430218266519
6469,0,13.43337621058651
6472,0,14.416045319596957
6475,0,16.126143698231015
6478,0,11.898957118648323
6489,0,14.995628565873256
6490,1,13.001912069410226
6497,1,18.353516093087837
6500,1,11.8257035428362
6503,0,16.445344715523465
6512,0,8.584480443117316
6514,0,17.618405275597375
6515,0,13.820340149629946
6516,0,10.831172052899662
6517,0,15.252352926063006
6527,0,16.705163248209654
6531,1,14.472859364538218
6536,0,16.689309088461762
6540,1,14.869919676213225
6542,0,12.54070264712688
6544,1,14.033187058384264
6545,0,12.506060205067214
6548,0,11.522746268547023
6551,0,15.29328344653156
6556,1,14.024560869745638
6557,0,16.072117831037943
6558,0,14.26546244034195
6561,0,13.502043852280043
6574,0,13.137816946359095
6582,0,17.314658805164704
6584,0,11.654580480330734
6586,0,13.83909521699778
6587,0,13.889262152669577
6591,1,16.124869647994426
6598,0,13.200879551289725
6599,0,13.597324907830773
6605,1,16.90469217449282
6607,0,13.719322072741267
6613,0,15.038497007298188
6618,0,14.667634394686923
6626,0,11.213839890375782
6628,0,15.301313652494532
6635,1,15.093864042638552
6636,0,13.6586024124503
6642,0,12.651083706254937
6643,0,12.463454498820553
6645,0,14.907110953023233
6646,0,11.683784723812012
6650,0,13.841496640912897
6651,0,11.788385195664981
6652,0,10.666350861586894
6653,0,11.420935535116493
6658,0,13.653482874434355
6661,0,15.43169136119112
6662,1,16.004711934813177
6664,0,16.040907587911168
6669,0,12.630718464050672
6674,0,14.05962076452842
6679,0,12.50769970128409
6680,0,12.759824735189886
6683,0,13.917345412177568
6684,0,10.056349412004334
6687,1,13.00872272256374
6690,0,12.892434113306136
6693,0,16.190618941585758
6695,0,12.043136370669778
6698,1,17.443148147973996
6699,0,15.307126273163295
6701,1,15.212764750409349
6702,0,10.793488399209679
6704,0,11.56524497543094
6707,1,15.212067198704023
6709,0,16.291353477261993
6714,1,11.393928955402199
6716,0,14.574199746845096
6717,0,15.451914992578706
6720,0,12.63377997387477
6721,1,14.051462001428426
6729,0,12.462466093781543
6730,0,14.682160742517425
6732,0,15.171268384113489
6741,0,14.767463226804328
6742,1,15.457961303767345
6745,0,11.573420912571715
6746,1,13.968333135074353
6752,0,13.17614181306168
6755,0,11.311495757899271
6761,0,12.667472355550725
6773,0,13.511274547277399
6774,0,15.96069105260915
6775,0,12.543080325140112
6784,0,12.119207236898573
6790,0,16.004403918785712
6796,0,13.184536648080114
6801,1,13.208812447731045
6803,0,12.931946004507108
6811,0,12.42148688688107
6813,0,14.443431092688023
6815,0,15.403179745752738
6817,0,11.491726092724045
6819,1,12.785773602075723
6827,0,13.215780579763411
6830,0,16.288553649968808
6836,0,14.644491104314092
6841,0,13.150060342636973
6844,0,14.297986446159324
6845,0,13.584237144048046
6851,0,14.026314144348985
6852,0,13.088205316610072
6857,0,11.061655881387322
6858,0,13.603991956575076
6861,0,11.959622796876921
6863,1,14.524575663893662
6864,0,11.58620786098791
6868,0,13.473489979945246
6869,0,12.697671781723878
6873,0,13.121958611547313
6878,0,11.940622269997446
6880,1,11.45261599397352
6883,1,14.49714992229997
6884,0,12.88631848217646
6888,0,9.920963290657033
6898,1,17.57308335588951
6902,0,13.59812866938899
6907,1,16.02361115575172
6908,0,13.013503118314885
6913,0,12.210764488042557
6914,0,13.76326549067993
6915,0,14.308708784180368
6917,0,14.377264924154549
6922,0,13.367048364145674
6924,0,12.874089907180764
6933,1,11.685133309041072
6942,0,9.40812672663852
6947,1,13.53372350847456
6948,0,13.171312160146702
6952,1,13.42677507311768
6963,0,12.561994129301326
6966,0,13.566006769954784
6969,0,14.454209003737033
6970,0,12.978154083129276
6971,0,9.639980970066967
6977,0,15.926733260170689
6978,1,12.165223216545398
6979,1,14.025477875237732
6982,0,11.068029063284193
6984,0,13.098314209899026
6989,0,11.198193615713109
7006,0,11.843322762616285
7021,0,12.104560290295954
7027,1,14.06953700175323
7030,0,13.26940529642768
7032,0,12.724790582620134
7037,1,15.939034273989503
7038,1,13.19695218138151
7039,0,12.682360785007432
7041,0,10.742893738696468
7045,0,14.643987429674059
7048,0,14.45285712726958
7052,0,12.629565251138253
7056,0,16.815760285383373
7058,0,12.951194154326696
7062,0,11.85147583134892
7063,1,13.018912170100258
7070,0,14.22816916864336
7074,0,13.553023400872108
7076,0,14.249738785789347
7077,0,15.084160874397966
7083,0,11.354791296478973
7086,0,10.656845323708302
7091,1,12.07605127711856
7097,0,11.548764271388707
7100,0,14.556904551933933
7103,1,14.521892677382185
7111,0,11.570564175603629
7113,0,14.839099087401117
7130,0,10.315295075788086
7132,0,11.827735549744665
7136,0,13.850780938912964
7138,0,13.238564917002194
7139,0,15.036569894160605
7143,0,15.942743805449137
7145,0,13.10323754077245
7147,0,13.185793603280011
7155,0,13.237059276316261
7158,0,14.371254870129537
7161,1,15.296869067486377
7167,0,15.004588933206142
7178,0,15.502342421887315
7179,0,12.046561481743987
7180,0,13.364330624150828
7181,0,12.392183692519502
7184,0,12.423975890148784
7188,0,12.116245037997315
7189,0,12.186379746809958
7190,0,13.127269966310788
7193,0,13.003431498658037
7198,0,9.901008158286036
7202,1,13.85060091839359
7203,0,12.01253407766482
7204,1,13.717428414782011
7205,0,14.530187349092568
7207,0,13.425821475076493
7209,0,11.57754356155348
7213,0,15.21207664497394
7218,0,14.860403654607756
7220,0,12.828678281325864
7221,0,10.849514231925241
7227,0,13.73949199220264
7230,0,12.67056693255466
7234,1,12.109689701727472
7236,0,10.115844946957637
7242,0,11.100172117503089
7244,0,9.648663711125115
7247,0,11.224200541608752
7248,0,8.208657487258455
7249,0,13.274597909087218
7250,0,15.272838392246811
7251,0,11.884342186300842
7253,0,12.607829024036661
7254,0,14.922197217902259
7257,0,13.911866348432348
7258,0,14.578645259000416
7259,1,15.610081131797097
7263,0,12.005020671544194
7267,0,11.288734638312016
7269,0,10.16580647736216
7270,0,15.075377301373607
7271,0,13.757309126149531
7275,1,13.809499636918364
7281,0,9.572775030022433
7282,0,11.986330998643279
7283,1,13.004427302920153
7286,0,14.846952322166453
7295,0,12.046740494538788
7297,0,12.747255587571324
7301,0,13.162801005103283
7302,0,10.982015576172842
7303,0,15.478673957824164
7310,0,8.645321322314462
7314,1,15.977652350006228
7315,0,16.216941273675015
7322,1,15.975689824959248
7328,0,12.208465435954482
7330,0,9.616559013255493
7331,0,14.485068853972694
7337,0,13.577070626678424
7338,0,9.380269991874268
7339,1,16.803394539505252
7340,1,15.572950031260016
7344,0,11.981846291822482
7348,0,15.040849954392792
7352,0,11.875826348128511
7354,0,11.454622450357242
7357,1,14.259498586350421
7359,0,12.460278539448243
7364,0,13.13407536695357
7369,0,15.164397520843485
7370,0,14.703752812129174
7373,0,14.301008852287518
7374,0,15.189359253745629
7376,1,14.596212453348446
7377,0,17.74956443357164
7379,0,14.187118736134561
7383,0,14.187965960554218
7384,0,12.835773090549797
7386,0,12.466432498635287
7387,0,9.233841404153528
7388,0,15.564172524597247
7390,0,10.971796833355281
7393,1,14.118561716745516
7410,0,10.888735374286311
7412,0,13.850018367126848
7416,0,14.782216546298168
7424,0,12.067896750347852
7426,0,12.812072565708315
7427,0,13.988868236738114
7433,0,12.293589937674321
7434,0,12.123150751197388
7437,0,11.333425354727469
7438,0,9.592966225798369
7443,0,12.17480746829935
7444,0,14.010821107192019
7447,0,14.033845374391971
7448,0,12.901947286926662
7451,0,13.265481634705163
7458,0,10.221937918565548
7460,0,9.904901995002223
7464,0,11.928200601413153
7472,0,15.45145495682734
7474,1,14.61259054842719
7477,0,14.698249394279301
7479,1,13.841292100096146
7486,0,13.053096462552222
7488,0,11.939647988229899
7493,0,15.09458240026701
7499,0,12.669938386007606
7505,1,13.72017494787986
7506,0,10.063825231560674
7514,0,13.314796792127185
7521,0,14.5184771575831
7525,1,14.634440894239862
7527,0,12.330039842315097
7531,0,14.992005501094647
7532,0,11.494821052312464
7535,0,12.988302229262096
7541,0,11.806957568298447
7542,0,11.450085095192273
7544,0,12.697442509207363
7546,0,12.665881504702039
7550,0,10.034023063609697
7556,1,12.59724218178452
7557,0,16.31776748611139
7558,0,15.626421557321045
7559,0,12.622173432279284
7562,0,15.194369609390789
7563,0,10.103179343489941
7567,1,16.678016370809402
7571,0,16.43629522418349
7573,0,12.398664173507822
7577,1,14.025120195921888
7580,0,10.839843380426299
7581,0,15.527022136785792
7583,1,13.547664021759765
7591,0,11.005389773276223
7601,0,10.970008626344798
7608,0,11.314638277043736
7611,1,13.331662652053986
7613,0,10.712627863694989
7614,0,16.049538009722724
7615,0,15.288137887734354
7621,0,10.238271521472267
7622,0,12.3614836626114
7625,0,13.465668924799862
7635,0,15.115613071206852
7641,0,11.592210299741893
7645,0,15.202185244241527
7648,1,13.005994277116283
7657,0,12.802784014654545
7660,0,15.79457797578024
7661,0,10.675742353325145
7674,1,11.867757238513533
7679,0,16.536569154272268
7682,0,11.847332219162025
7690,0,13.727704345819697
7691,0,13.978217665633336
7701,0,13.964055509567151
7704,0,13.563661041401431
7706,0,14.478005019288466
7707,1,18.065703207475703
7708,0,12.161394772293258
7709,0,11.134844707193494
7710,1,15.66250626204391
7711,0,12.46370174934337
7712,1,15.00285818807971
7725,0,14.064451131236687
7733,0,12.164715276703712
7734,0,13.501479729006425
7738,0,12.764768737255435
7741,0,15.403214174448447
7743,0,15.1483758645634
7750,1,14.400655367411764
7751,0,13.371561888013062
7753,0,13.57686807631179
7759,0,13.981238724557528
7760,0,12.125936293702233
7762,0,15.819846315276063
7763,0,13.839318694735056
7766,0,11.180295704564614
7768,1,13.694783909713815
7773,0,12.498647713198686
7774,1,11.053708944874648
7780,0,12.947634521453313
7786,0,17.657325941494072
7790,0,16.414759420066922
7793,0,15.952132953269288
7794,0,8.21907978936092
7804,0,12.287600556980026
7806,0,13.869669420909059
7809,0,14.445450283394287
7810,0,14.600536163989327
7816,0,10.54370387313751
7818,1,11.460862868769203
7819,0,13.071418419311842
7821,0,12.36187963331469
7823,0,12.815025559637036
7828,0,12.959991140063703
7830,0,14.18723618259409
7834,0,14.370899136859592
7840,0,12.084313896934058
7842,0,15.086943646938005
7846,0,10.348220091749857
7848,0,15.104594648677772
7853,0,11.858711517461499
7862,1,15.981960162461835
7864,0,12.513555754727298
7869,0,12.230157385026262
7870,0,13.831925789012802
7872,0,12.6386399919207
7878,0,10.769689342306114
7882,0,14.580141087323781
7886,1,15.12441982023189
7890,0,10.241352098538949
7903,0,14.910748118647943
7909,0,14.230846925167333
7911,0,12.819061525839698
7914,1,13.122420668972987
7917,0,11.728333464333122
7922,1,12.513416163705632
7924,0,11.668307480370366
7927,1,15.948666648865924
7929,0,16.544803075745367
7931,0,11.653138379314129
7936,0,12.9405880245669
7938,0,12.166625774877591
7955,0,16.270922326135675
7961,0,13.977594592862278
7966,0,12.58977943690758
7974,0,11.940072859094865
7975,1,14.792352539078133
7988,0,14.54669756121703
7989,0,13.652368807048848
7990,0,12.83975329202243
7995,1,13.34327521900041
7996,0,13.392871898396546
7998,0,15.395302132259054
8006,1,11.34795432000379
8007,0,14.132424142678781
